Barcode,Specificity,Clone,Reactivity,Barcode Sequence
0025,Annexin V,NA,Human,GCAGCGTATAAGTCA
0436,anti-Biotin,1D4-C5,Biotin,CGGTATATCAACAGA
0432,anti-CD230 (Prion),3F4,Human,CAGGTCCCTTATTTC
0434,anti-Dopamine Receptor D4,2B9/DRD4,"Human, Mouse",TCTCTGCACCGCTTT
0435,anti-GABRB3,N87/25,"Human, Mouse, Rat",GGTGTGAGCAGTTCT
0221,anti-IRF5,11F4A09,Human,GGTAGCCCTAGAGTA
0239,anti-rat IgG2a,MRG2a-83,Rat,CATTAACAGCGCCAA
0223,anti-ROR_,2F7-2,"Human, Mouse",TTCCCTACGCCGAAT
0445,anti-TMEM119,A16075D,Mouse,TCGAACATTTCCAGG
0241,Armenian Hamster IgG Isotype Ctrl,HTK888,N/A,CCTGTCATTAAGACT
0395,B7-H4,MIH43,Human,TGTATGTCTGCCTTG
0572,C5L2,1D9-M12,Human,ACAATTTGTCTGCGA
0131,Cadherin 11,16G5,Human,CGTTGCCATTAACCA
0062,CD10,HI10a,Human,CAGCCATTCATTAGG
0104,CD102,3C4 (MIC2/4),Mouse,GATATTCAGTGCGAC
0244,CD102 (ICAM-2),CBR-IC2/2,Human,TGACCTTCCTCTCCT
0201,CD103,2E7,Mouse,TTCATTAGCCCGCTG
0145,CD103 (Integrin _E),Ber-ACT8,Human,GACCTCATTGTGAAT
0068,CD105,43A3,Human,ATCGTCGAGAGCTAG
0226,CD106,429 (MVCAM.A),Mouse,CGTTCCTACCTACCT
0245,CD106,STA,Human,TCACAGTTCCTTGGA
0155,CD107a (LAMP-1),H4A3,Human,CAGCCCACTGCAATA
0598,CD110,S16017E,Human,TGTTGTAAGATGCCA
0024,CD112 (Nectin-2),TX31,Human,AACCTTCCGTCTAAG
0105,CD115 (CSF-1R),AFS98,Mouse,TTCCGTTGTTGTGAG
0398,CD115 (CSF-1R),9-4D2-1E4,Human,AATCACGGTCCTTGT
0012,CD117 (c-kit),2B8,Mouse,TGCATGTCATCGGTG
0061,CD117 (c-kit),104D2,Human,AGACTAATAGCTGAC
0219,CD119 (IFN-_ R _ chain),GIR-208,Human,TGTGTATTCCCTTGT
0185,CD11a,TS2/4,Human,TATATCCTTGTGAGC
0595,CD11a,M17/4,Mouse,AGAGTCTCCCTTTAG
0014,CD11b,M1/70,"Human, Mouse",TGAAGGCTCATTTGT
0161,CD11b,ICRF44,Human,GACAAGTGATCTGCA
0053,CD11c,S-HCL-3,Human,TACGCCTATAACTTG
0106,CD11c,N418,Mouse,GTTATGGACGCTTGC
0227,CD122 (IL-2R_),5H4,Mouse,GGTATGCGACACTTA
0246,CD122 (IL-2R_),TU27,Human,TCATTTCCTCCGATT
0064,CD123,6H6,Human,CTTCACTCTGTCAGG
0363,CD124 (IL-4R_),G077F6,Human,CCGTCCTGATAGATG
0198,CD127 (IL-7R_),A7R34,Mouse,GTGTGAGGCACTCTT
0390,CD127 (IL-7R_),A019D5,Human,GTGTGTTGTCCTATG
0364,CD13,WM15,Human,TTTCAACGCCCTTTC
0126,CD133,clone 7,Human,TGGTAACGACAGTCC
0594,CD133,S16016B,Human,GTAAGACGCCTATGC
0158,CD134 (OX40),Ber-ACT35 (ACT35),Human,AACCCACCGTTGTTA
0195,CD134 (OX-40),OX-86,Mouse,CTCACCTACCTATGG
0098,CD135,A2F10,Mouse,GTAGCAAGATTCAAG
0351,CD135 (Flt-3/Flk-2),BV10A4H2,Human,CAGTAGATGGAGCAT
0194,CD137,17B5,Mouse,TCCCTGTATAGATGA
0355,CD137 (4-1BB),4B4-1,Human,CAGTAAGTTCGGGAC
0022,CD137L (4-1BB Ligand),5F4,Human,ATTCGCCTTACGCAA
0055,CD138 (Syndecan-1),MI15,Human,ACTCTTTCGTTTACG
0051,CD14,63D3,Human,CAATCAGACCTATGA
0081,CD14,M5E2,Human,TCTCAGACCTCCGTA
0424,CD14,Sa14-2,Mouse,AACCAACAGTCACGT
0573,CD140a,APA5,Mouse,GTCATTGCGGTCCTA
0128,CD140a (PDGFR_),16A1,Human,ATGCGCCGAGAATTA
0129,CD140b (PDGFR_),18A2,Human,CAATGGTTCACTGCC
0163,CD141 (Thrombomodulin),M80,Human,GGATAACCGCGCTTT
0400,CD144 (VE-Cadherin),BV9,Human,TCCACTCATTCTGTA
0134,CD146,P1H12,Human,CCTTGGATAACATCA
0076,CD15 (SSEA-1),MC-480,"Human, Mouse",GCTAGTTTGTGCTGC
0392,CD15 (SSEA-1),W6D3,Human,TCACCAGTACCTAGT
0203,CD150 (SLAM),TC15-12F12.2,Mouse,CAACGCCTAGAAACC
0388,CD152,UC10-4B9,Mouse,AGTGTTTGTCCTGGT
0151,CD152 (CTLA-4),BNI3,Human,ATGGTTCACGTAATC
0032,CD154,24-31,Human,GCTAGATAGATGCAA
0023,CD155 (PVR),SKII.4,Human,ATCACATCGTTGCCA
0420,CD158 (KIR2DL1/S1/S3/S5),HP-MA4,Human,TATCAACCAACGCTT
0592,"CD158b (KIR2DL2/L3,  NKAT2)",DX27,Human,GACCCGTAGTTTGAT
0599,"CD158e1 (KIR3DL1, NKB1)",DX9,Human,GGACGCTTTCCTTGA
0600,CD158f (KIR2DL5),UP-R1,Human,AAAGTGATGCCACTG
0083,CD16,3G8,Human,AAGTTCACTCTTTGC
0109,CD16/32,93,Mouse,TTCGATGCTGGAGCA
0149,CD161,HP-3G10,Human,GTACGCAGTCCTTCT
0358,CD163,GHI/61,Human,GCTTCTCCTTCCTTA
0417,CD163,S15049I,Mouse,GAGCAAGATTAAGAC
0206,"CD169 (Sialoadhesin, Siglec-1)",7-239,Human,TACTCAGCGTGTTTG
0440,CD169/Siglec-1,3D6.112,Mouse,ATTGACGACAGTCAT
0430,CD171 (LICAM),L1-OV198.5,Human,GATGGACGACAATTC
0408,CD172a (SIRP_),15-414,Human,CGTGTTTAACTTGAG
0422,CD172a (SIRP_),P84,Mouse,GATTCCCTTGTAGCA
0382,CD177,MEM-166,Human,AGTATGGAGCCATAT
0177,CD178 (Fas-L),NOK-1,Human,CCGGTCCTCTGTATT
0385,CD18,TS1/18,Human,TATTGGGACACTTCT
0140,CD183 (CXCR3),G025H7,Human,GCGATGGTAGATTAT
0228,CD183 (CXCR3),CXCR3-173,Mouse,GTTCACGCCGTGTTA
0366,CD184 (CXCR4),12G5,Human,TCAGGTCCTTTCAAC
0144,CD185 (CXCR5),J252D4,Human,AATTCAACCGTCGCC
0804,CD186 (CXCR6),K041E5,Human,GACAGTCGATGCAAC
0050,CD19,HIB19,Human,CTGGGCAATTACTCG
0093,CD19,6D5,Mouse,ATCAGCCATGTCAGT
0242,CD192 (CCR2),K036C2,Human,GAGTTCCCTTACCTG
0426,CD192 (CCR2),SA203G11,Mouse,AGTGCGATCTGCAAC
0397,CD193 (CCR3),5E8,Human,ACCAATCCTTTCGTC
0071,CD194 (CCR4),L291H4,Human,AGCTTACCTGCACGA
0141,CD195 (CCR5),J418F1,Human,CCAAAGTAAGAGCCA
0376,CD195 (CCR5),HM-CCR5,Mouse,ACCAGTTGTCATTAC
0143,CD196 (CCR6),G034E3,Human,GATCCCTTTGTCACT
0225,CD196 (CCR6),29-2L17,Mouse,CTCTCTGCATTCCTC
0148,CD197 (CCR7),G043H7,Human,AGTTCAGTCAACCGA
0377,CD197 (CCR7),4B12,Mouse,TTATTAACAGCCCAC
0402,CD1a,HI149,Human,GATCGTGTTGTGTTA
0160,CD1c,L161,Human,GAGCTACTTCACTCG
0164,CD1d,51.1,Human,TCGAGTCGCTTATCA
0367,CD2,TS1/8,Human,TACGATTTGTCAGGG
0100,CD20,2H7,Human,TTCTGGGTCCCTAGA
0192,CD20,SA275A11,Mouse,TCCACTCCCTGTATA
0079,CD200 (OX2),OX-90,Mouse,TCAATTCCGGTAGTC
0447,CD200 (OX2),OX-104,Human,CACGTAGACCTTTGC
0069,CD201 (EPCR),RCR-401,Human,GTTTCCTTGACCAAG
0439,CD201 (EPCR),RCR-16,Mouse,TATGATCTGCCCTTG
0588,CD202b (Tie2/Tek),33.1 (Ab33),Human,CGATCCCTTACCTAT
0399,CD204,7C9C20,Human,TAGCGAGCCAGATGT
0448,CD204 (Scavenger R1),1F8C33,Mouse,AGCTAGACACGTTGT
0173,CD206 (MMR),C068C2,Mouse,TCAACTCGGTGTTGC
0205,CD206 (MMR),15-2,Human,TCAGAACGTCTAACT
0437,CD207,4C7,"Human, Mouse",CGATTTGTATTCCCT
0403,CD207 (Langerin),10E2,Human,CATTCTTCACGGGAT
0597,CD209 (DC-SIGN),9E9A8,Human,TCACTGGACACTTAA
0181,CD21,Bu32,Human,AACCTAGTAGTTCGG
0107,CD21/CD35 (CR2/CR1),7E9,Mouse,GGATAATTTCGATCC
0393,CD22,S-HCL-1,Human,GGGTTGTTGTCTTTG
0152,CD223 (LAG-3),11C3C65,Human,CATTTGTCTGCCGGT
0378,CD223 (LAG-3),C9B7W,Mouse,ATTCCGTCCCTAAGG
0368,CD226 (DNAM-1),11A8,Human,TCTCAGTGTTTGTGG
0805,CD226 (DNAM-1),TX25,Human,AGACCAACTCATTCA
0108,CD23,B3B4,Mouse,TCTCTTGGAAGATGA
0574,CD235a (Glycophorin A),HI264,Human,AGAGTATGTATGGGA
0196,CD235ab,HIR2,Human,GCTCCTTTACACGTA
0180,CD24,ML5,Human,AGATTCCTTCGTGTT
0212,CD24,M1/69,Mouse,TATATCTTTGCCGCA
0418,CD243 (ABCB1),4E3.16,Human,TGACCCGACCTTTAG
0189,CD244 (2B4),C1.7,Human,TCGCTTGGATGGTAG
0085,CD25,BC96,Human,TTTGTCCTGTACGCC
0097,CD25,PC61,Mouse,ACCATGAGACACAGT
0021,CD252 (OX40L),11C3.1,Human,TTTAGTGATCCGACT
0803,CD253 (Trail),RIK-2,Human,GCCATTCCTGCCTAA
0356,"CD254 (TRANCE, RANKL)",MIH24,Human,TCCGTGTTAGTTTGT
0396,CD26,BA5b,Human,GGTGGCTAGATAATG
0247,CD267 (TACI),1A1,Human,AGTGATGGAGCGAAC
0215,CD268 (BAFF-R),11C1,Human,CGAAGTCGATCCGTA
0056,CD269 (BCMA),19F2,Human,CAGATGATCCACCAT
0154,CD27,O323,Human,GCACTCCTGCATGTA
0191,CD27,LG.3A10,"Human, Mouse, Rat",CAAGGTATGTCACTG
0020,"CD270 (HVEM, TR2)",122,Human,TGATAGAAACAGACC
0170,CD272 (BTLA),MIH26,Human,GTTATTGGACTAAGG
0008,"CD273  (B7-DC, PD-L2)",24F.10C12,Human,TCAACGCTTGGCTAG
0007,"CD274 (B7-H1, PD-L1)",29E.2A3,Human,GTTGTCCGACAATAC
0190,"CD274 (B7-H1, PD-L1)",MIH6,Mouse,TCGATTCCACCAACT
0172,"CD275 (B7-H2, B7-RP1, ICOSL)",9F.8A4,Human,GTTAGTGTTAGCTTG
0009,"CD275 (B7-H2, ICOSL)",2D3,Human,GTGCATTCAACAGTA
0010,CD276 (B7-H3),DCN.70,Human,GACTGGGAGGGTATT
0030,CD277 (BT3.1),BT3.1,Human,TACTTCTGGAGCCAG
0171,CD278 (ICOS),C398.4A,"Human, Mouse",CGCGCACCCATTAAA
0004,CD279 (PD-1),RMP1-30,Mouse,GAAAGTCAAAGCACT
0088,CD279 (PD-1),EH12.2H7,Human,ACAGCGCCGTATTTA
0204,CD28,37.51,Mouse,ATTAAGAGCGTGTTG
0386,CD28,CD28.2,Human,TGAGAACGACCCTAA
0405,CD284 (TLR4),HTA125,Human,GCTTAGCTGTATCCG
0369,CD29,TS2/16,Human,GTATTCCCTCAGTCA
0570,CD29,HM_1-1,"Mouse, Rat",ACGCATTCCTTGTGT
0102,CD294 (CRTH2),BM16,Human,TGTTTACGAGAGCCC
0034,CD3,UCHT1,Human,CTCATTGTAACTCCT
0049,CD3,SK7,Human,TATCCCTTGGGATGG
0182,CD3,17A2,Mouse,GTATGTCCGCTCGAT
0028,CD30,BY88,Human,TCAGGGTGTGCTGTA
0416,CD300LG (Nepmucin),ZAQ5,Mouse,CGGTCCGTATCATTT
0401,CD301 (CLEC10A),H037G3,Human,ACCTAGAAATCAGCA
0551,CD301a,LOM-8.7,Mouse,TGTATTTACTCACCG
0566,CD301b,URA-1,Mouse,CTTGCCTTGCGATTT
0370,CD303 (BDCA-2),201A,Human,GAGATGTCCGAATTT
0406,CD304 (Neuropilin-1),12C2,Human,GGACTAAGTTTCGTT
0552,CD304 (Neuropilin-1),3E12,Mouse,CCAGCTCATTCAACG
0590,CD305 (LAIR1),NKTA255,Human,ATTTCCATTCCCTGT
0362,CD309 (VEGFR2),7D4-6,Human,TTCACGCAGTAAGAT
0553,"CD309 (VEGFR2, Flk-1)",Avas12,Mouse,ATAAGAGCCCACCAT
0554,"CD309 (VEGFR2, Flk-1)",89B3A5,Mouse,AGTTGTCCTGTACGA
0124,CD31,WM59,Human,ACCTTTATGCCACGG
0165,CD314 (NKG2D),1D11,Human,CGTGTTTGTTCCTCA
0142,CD32,FUN-2,Human,GCTTCCGAATTACCG
0135,CD324 (E-Cadherin),67A4,Human,ATCCTTCTCCCTTTC
0433,CD325 (N-Cadherin),8C11,Human,CCTTCCCTTTCCTCT
0123,CD326 (Ep-CAM),9C4,Human,TTCCGAGCAAGTATC
0449,CD326 (Ep-CAM),G8.8,Mouse,ACCCGCGTTAGTATG
0052,CD33,P67.6,Human,TAACTCAGGGCCTAT
0101,CD335 (NKp46),9E2,Human,ACAATTTGAACAGCG
0184,CD335 (NKp46),29A1.4,Mouse,CCCTTTCACCTCGAA
0802,CD336 (NKp44),P44-8,Human,GGGCAATTAGCGAGT
0801,CD337 (NKp30),P30-15,Human,AAAGTCACTCTGCCG
0569,CD338 (ABCG2),5D3,Human,TAAGACTTGGCCGTC
0054,CD34,581,Human,GCAGAAATCTCCCTT
0133,CD340 (erbB2/HER-2),24D2,Human,CTGTAGCCGCCTATT
0167,CD35,E11,Human,ACTTCCGTCGATCTT
0586,CD354 (TREM-1),TREM-26,Human,TAGCCGTTTCCTTTG
0193,CD357 (GITR),DTA-1,Mouse,GGCACTCTGTAACAT
0360,CD357 (GITR),108-17,Human,ACCTTTCGACACTCG
0407,CD36,5-271,Human,TTCTTTGCCTTGCCA
0555,CD36,HM36,Mouse,TTTGCCGCTACGACA
0003,CD366 (Tim-3),RMT3-23,Mouse,ATTGGCACTCAGATG
0169,CD366 (Tim-3),F38-2E2,Human,TGTCCTACCCAACTT
0556,"CD370 (CLEC9A, DNGR1)",7H11,Mouse,AACTCAGTTGTGCCG
0207,CD370 (CLEC9A/DNGR1),8F9,Human,CTGCATTTCAGTAAG
0389,CD38,HIT2,Human,TGTACCCGCTTGTGA
0410,CD38,HB-7,Human,CCTATTCCGATTCCG
0557,CD38,90,Mouse,CGTATCCGTCTCCTA
0176,CD39,A1,Human,TTACCTGGTATCCGT
0094,CD3_,145-2C11,Mouse,TAATGCCAGTTGTGC
0001,CD4,RM4-5,Mouse,AACAAGACCCTTGAG
0045,CD4,SK3,Human,GAGGTTAGTGATGGA
0072,CD4,RPA-T4,Human,TGTTCCCGCTCAACT
0031,CD40,5C3,Human,CTCAGATGGAGTATG
0353,CD41,HIP8,Human,ACGTTGTGGCCTTGT
0443,CD41,MWReg30,Mouse,ACTTGGATGGACACT
0216,CD42b,HIP1,Human,TCCTAGTACCGAAGT
0110,CD43,S11,Mouse,TTGGAGGGTTGTGCT
0357,CD43,CD43-10G7,Human,GATTAACCAGCTCAT
0073,CD44,IM7,"Human, Mouse",TGGCTTCAGGTCCTA
0125,CD44,BJ18,Human,AATCCTTCCGAATGT
0048,CD45,2D1,Human,TCCCTTGCGATTTAC
0096,CD45,30-F11,Mouse,TGGCTATGGAGCAGA
0391,CD45,HI30,Human,TGCAATTACCCGGAT
0178,CD45.1,A20,Mouse,CCTATGGACTTGGAC
0157,CD45.2,104,Mouse,CACCGTCATTCAACC
0103,CD45R/B220,RA3-6B2,"Human, Mouse",CCTACACCTCATAAT
0063,CD45RA,HI100,Human,TCAATCCTTCCGCTT
0087,CD45RO,UCHL1,Human,CTCCGAATCATGTTG
0026,CD47,CC2C6,Human,GCATTCTGTCACCTA
0029,CD48,BJ40,Human,CTACGACGTAGAAGA
0429,CD48,HM48-1,Mouse,AGAACCGCCGTAGTT
0575,CD49a,TS2/7,Human,ACTGATGGACTCAGA
0371,CD49b,P1E6-C5,Human,GCTTTCTTCAGTATG
0421,CD49b,HMa2,Mouse,CGCGTTAGTAGAGTC
0078,CD49d,R1-2,Mouse,CGCTTGGACGCTTAA
0576,CD49d,9F10,Human,CCATTCAACTTCCGG
0070,CD49f,GoH3,"Human, Mouse",TTCCGAGGATGATCT
0111,CD5,53-7.3,Mouse,CAGCTCAGTGTGTTG
0138,CD5,UCHT2,Human,CATTAACGGGATGCC
0033,CD52,HI186,Human,CTTTGTACGAGCAAA
0074,CD54,YN1/1.7.4,Mouse,ATAACCGACACAGTG
0217,CD54,HA58,Human,CTGATAGACTTGAGT
0383,CD55,JS11,Human,GCTCATTACCCATTA
0558,CD55 (DAF),RIKO-3,Mouse,ATTGTTGTCAGACCA
0047,CD56 (NCAM),5.1H11,Human,TCCTTTCCTGATAGG
0084,CD56 (NCAM) Recombinant,QA17A16,Human,TTCGCCGCATTGAGT
0168,CD57 Recombinant,QA17A04,Human,AACTCCCTATGGAGG
0174,CD58 (LFA-3),TS2/9,Human,GTTCCTATGGACGAC
0361,CD59,p282 (H19),Human,AATTAGCCGTCGAGA
0372,CD61,VI-PL2,Human,AGGTTGGAGTAGACT
0248,CD62E,HAE-1f,Human,CTCCCTGTGGCTTAA
0379,CD62E (E-selectin),RME-1/CD62E,"Mouse, Rat",CTCCCTTTGTAACAT
0112,CD62L,MEL-14,Mouse,TGGGCCTAAGTCATC
0147,CD62L,DREG-56,Human,GTCCCTGCAACTTGA
0218,CD62P (P-Selectin),AK4,Human,CCTTCCGTATCCCTT
0229,CD62P (P-selectin),RMP-1,"Mouse, Rat",TGTGTGCCGTAGACT
0404,CD63,H5C6,Human,GAGATGTCTGCAACT
0559,CD63,NVG-2,Mouse,ATCCGACACGTATTA
0162,CD64,10.1,Human,AAGTATGCCCTACGA
0202,CD64 (Fc_RI),X54-5/7.1,Mouse,AGCAATTAACGGGAG
0188,CD66a/c/e,ASL-32,Human,GGGACAGTTCGTTTC
0166,CD66b,6/40c,Human,AGCTGTAAGTTTCGG
0234,CD68,Y1/82A,Human,CGGTGTTTGTAGCAA
0560,CD68,FA-11,Mouse,CTTTCTTTCACGGGA
0146,CD69,FN50,Human,GTCTCTTGGCTTAAA
0197,CD69,H1.2F3,Mouse,TTGTATTCCGCCATT
0066,CD7,CD7-6B7,Human,TGGATTCCCGGACTT
0027,CD70,113-16,Human,CGCGAACATAAGAAG
0394,CD71,CY1G4,Human,CCGTGTTCCTCATTA
0441,CD71,RI7217,Mouse,ACCGACCAGTAGACA
0419,CD72,3F3,Human,CAGTCGTGGTAGATA
0077,CD73,TY/11.8,Mouse,ACACTTAACGTCTGG
0577,CD73 (Ecto-5'-nucleotidase),AD2,Human,CAGTTCCTCAGTTCG
0578,CD79a (Ig_),HM47,Human,CTTATCACCCGCTTT
0187,CD79b (Ig_),CB3-1,Human,ATTCTTCAACCGAAG
0561,CD79b (Ig_),HM79-12,Mouse,TAACTCAGTGCGAGT
0046,CD8,SK1,Human,GCGCAACTTGATGAT
0005,CD80,2D10,Human,ACGAATCAATCTGTG
0373,CD81 (TAPA-1),5A6,Human,GTATCCTTCCTTGGC
0359,CD83,HB15e,Human,CCACTCATTTCCGGT
0562,CD83,Michel-19,Mouse,TCTCAGGCTTCCTAG
0409,CD85g (ILT7),17G10.2,Human,TGTCAGTTCCTATGA
0006,CD86,IT2.2,Human,GTCTTTGTCAGTGCA
0200,CD86,GL-1,Mouse,CTGGATTTGTGTATC
0002,CD8a,53-6.7,Mouse,TACCCGTAATAGCGT
0080,CD8a,RPA-T8,Human,GCTGCGCTTTCCATT
0230,CD8b (Ly-3),YTS156.7.7,Mouse,TTCCCTCTATGGAGC
0579,CD9,HI9a,Human,GAGTCACCAATCTGC
0060,CD90 (Thy1),5E10,Human,GCATTGTACGATTCA
0075,CD90.2,30-H12,Mouse,CCGATCAGCCGTTTA
0446,CD93,VIMD2,Human,GCGCTACTTCCTTGA
0113,"CD93 (AA4.1, early B lineage)",AA4.1,Mouse,GGTATTTCCTGTGGT
0156,CD95 (Fas),DX2,Human,CCAGCTCATTAGAGC
0175,CD96 (TACTILE),NK92.39,Human,TGGCCTATAAATGGT
0374,CD98,MEM-108,Human,GCACCAACAGCCATT
0179,CX3CR1,K0124E1,Human,AGTATCGTCTCTGGG
0563,CX3CR1,SA011F11,Mouse,CACTCTCAGTCCTAT
0444,CXCR4,L276F12,Mouse,GTCGTGGTGTTGTTC
0132,EGFR,AY13,Human,GCTTAACATTGGCAC
0596,ESAM,1G8/ESAM,Mouse,TATAGTTTCCGCCGT
0114,F4/80,BM8,Mouse,TTAACTTCAGCCCGT
0115,Fc_RI_,MAR-1,Mouse,AGTCACCTCGAAGCT
0352,Fc_RI_,AER-37 (CRA-1),Human,CTCGTTTCCGTATCG
0427,Folate Receptor _ (FR-_),94b/FOLR2,Human,TGTGGCTAGTCAGTT
0564,Folate Receptor _ (FR-_),10/FR2,Mouse,CTCAGATGCCCTTTA
0016,Galectin-9,9M1-3,Human,ACTCACTGGAGTCTC
0231,H-2Kb bound to SIINFEKL,25-D1.16,Mouse,CGTTTATGGGATGGG
0058,"HLA-A,B,C",W6/32,Human,TATGCGAGGCTTATC
0159,HLA-DR,L243,Human,AATAGCGAGCAAGTA
0117,I-A/I-E,M5/114.15.2,Mouse,GGTCACCAGTATGAT
0186,IgA,HP6123,Human,AAGATGTCCGAGCAA
0384,IgD,IA6-2,Human,CAGTCTCCGTAGAGT
0571,IgD,11-26c.2a,Mouse,TCATATCCGTTGTCC
0375,IgG Fc,M1310G05,Human,CTGGAGCGATTAGAA
0136,IgM,MHM-88,Human,TAGCGAGCCCGTATA
0450,IgM,RMM-1,Mouse,AGCTACGCATTCAAT
0220,IL-10,JES3-12G8,Human,ACCTTCCTTCCCTGT
0214,integrin _7,FIB504,"Human, Mouse",TCCTTGGATGTACCG
0249,IRF4,IRF4.3E4,"Human, Mouse",GGATTTGTATCTCCC
0438,KCC2,N1/12,"Human, Mouse, Rat",GAGCTTGTACCGCTT
0153,KLRG1 (MAFA),SA231A2,Human,CTTATTTCCTGCCCT
0250,KLRG1 (MAFA),2F1/KLRG1,"Human, Mouse",GTAGTAGGCTAGACC
0591,LOX-1,15C4,Human,ACCCTTTACCGAATA
0130,Ly-6A/E (Sca-1),D7,Mouse,TTCCTTTCCTACGCA
0013,Ly-6C,HK1.4,Mouse,AAGTCGTGAGGCATG
0589,Ly-6D,49-H4,Mouse,ATGTCCTACCTCAAA
0015,Ly-6G,1A8,Mouse,ACATTGACGCAACTA
0116,Ly-6G/Ly-6C (Gr-1),RB6-8C5,Mouse,TAGTGTATGGACACG
0232,MAdCAM-1,MECA-367,Mouse,TTGGGCGATTAAGAA
0580,mast cell tryptase,AA1,Human,ACTGATAGACCCGCT
0423,MERTK,590H11G1E3,Human,TCCTGCATGTACCCA
0565,MERTK (Mer),2B10C42,Mouse,AGTAGAGCAACTCGT
0090,"Mouse IgG1, _ isotype Ctrl",MOPC-21,N/A,GCCGGACGACATTAA
0091,"Mouse IgG2a, _ isotype Ctrl",MOPC-173,N/A,CTCCTACCTAAACTG
0092,"Mouse IgG2b, _ isotype Ctrl",MPC-11,N/A,ATATGTATCACGCGA
0118,NK-1.1,PK136,Mouse,GTAACATTACTCGTC
0213,Notch 1,MHN1-519,Human,AATCTGTAGTGCGTT
0442,Notch 1,HMN1-12,Mouse,TCCGGTCACTCAGTA
0233,Notch 3,MHN3-21,Human,CTATTGGACGTATCT
0415,P2RY12,S16007D,Mouse,TTGCTTATTTCCGCA
0381,Panendothelial Cell Antigen,MECA-32,Mouse,CGTCCTAGTCATTGG
0127,Podoplanin,NC-08,Human,GGTTACTCGTTGTGT
0380,rat CD90/mouse CD90.1,OX-7,"Mouse, Rat",AGTATGGGATGCAAT
0236,"Rat IgG1, _ isotype Ctrl",RTK2071,N/A,ATCAGATGCCCTCAT
0237,"Rat IgG1, _ Isotype Ctrl",G0114F7,N/A,GGGAGCGATTCAACT
0238,"Rat IgG2a, _ Isotype Ctrl",RTK2758,N/A,AAGTCAGGTTCGTTT
0095,"Rat IgG2b, _ isotype Ctrl",RTK4530,N/A,GATTCTTGACGACCT
0240,"Rat IgG2c, _ Isotype Ctrl",RTK4174,N/A,TCCAGGCTAGTCATT
0119,Siglec H,551,Mouse,CCGCACCTACATTAG
0199,Siglec-8,7C9,Human,CTTCTCCTCAGCAAT
0584,TCR V_24-J_18 (iNKT cell),6B11,Human,AACTTCTGTGGTAGC
0581,TCR V_7.2,3C10,Human,TACGAGCAGTATTCA
0354,"TCR V_5.1, 5.2",MR9-4,Mouse,CTCAACAGTATTCTG
0235,"TCR V_8.1, 8.2",KJ16-133.18,Mouse,ACTATCCGTTGTGCT
0209,TCR V_1.1/Cr4,2.11,Mouse,TCGTTTAACCAGCCT
0211,TCR V_2,UC3-10A6,Mouse,AAGCTGCACCGTAAT
0210,TCR V_3,536,Mouse,TCGTGGTCCCTTTCT
0583,TCR V_9,B3,Human,AAGTGATGGTATCTG
0582,TCR V_2,B6,Human,TCAGTCAGATGGTAT
0224,TCR _/_,IP26,Human,CGTAACGTAGAGCGA
0120,TCR _ chain,H57-597,Mouse,TCCTATGGGACTCAG
0121,TCR _/_,GL3,Mouse,AACCCAAATAGCTGA
0139,TCR _/_,B1,Human,CTTCCGATTCATTCA
0122,TER-119/Erythroid Cells,TER-119,Mouse,GCGCGTTTGTGCTAT
0089,TIGIT (VSTM3),A15153G,Human,TTGCTTACCGCCAGA
0428,TIM-4,9F4,Human,CGTCATATAGTATGG
0567,Tim-4,RMT4-54,Mouse,TGCTGGAGGGTATTC
0387,TSLPR (TSLP-R),1D3,Human,CAGTCCTCTCTGTCA
0208,XCR1,S15046E,Human,AAGACGCATGTCAAC
0568,XCR1,ZET,"Mouse, Rat",TCCATTACCCACGTT
0057,_2-microglobulin,2M2,Human,CAGCCCGATTAAGGT